{"_wandb":{"runtime":416},"_timestamp":1.7463310960838413e+09,"avg_reward":3.5939999999999963,"policy_loss":0.7265198230743408,"avg_policy_loss":-0.009835975281894206,"avg_value_loss":0.46869201557245105,"value_loss":0.6321145296096802,"reward":2.700000000000001,"episode":10000,"_runtime":416.4326782,"_step":10099}