{"episode":8,"_wandb":{"runtime":17},"_timestamp":1.746333904129822e+09,"_runtime":16.3534092,"_step":8,"reward":-6.899999999999999,"policy_loss":4.534618854522705,"value_loss":24.378774642944336}