{"reward":11.09999999999998,"avg_value_loss":5.105449176430702,"step_count":104,"avg_max_step":115.55,"_wandb":{"runtime":660},"value_loss":2.7731001377105713,"avg_policy_loss":0.0822477800399065,"policy_loss":-0.1554129272699356,"_timestamp":1.7463353521495147e+09,"_runtime":660.3067317,"_step":10099,"avg_reward":12.003000000000002,"max_step":284,"episode":10000}