{"episode":24,"reward":2.0000000000000013,"_timestamp":1.7463028028746173e+09,"actor_loss":-0.6239738464355469,"critic_loss":0.0008559250854887068,"_wandb":{"runtime":32},"_runtime":30.1365836,"_step":24}