{"_wandb":{"runtime":2},"reward":2.0000000000000013,"_timestamp":1.746302607835222e+09,"_runtime":1.2004689,"_step":9,"episode":9}