{"_runtime":10.1281292,"_step":39,"episode":39,"reward":-9.299999999999999,"actor_loss":1.1622859239578247,"critic_loss":0.008859350346028805,"_wandb":{"runtime":10},"_timestamp":1.746303653731819e+09}