{"_runtime":333.4035151,"_step":99,"avg_reward":3.8759999999999946,"avg_policy_loss":-0.003403314172755927,"avg_value_loss":0.02139893248444423,"episode":10000,"_wandb":{"runtime":333},"_timestamp":1.7463043204940321e+09}