{"_timestamp":1.7463025528941622e+09,"_runtime":1.1825921,"_step":8,"episode":8,"_wandb":{"runtime":2},"reward":3.8999999999999986}