{"reward":-3.899999999999998,"_wandb":{"runtime":15},"policy_loss":3.092914581298828,"value_loss":12.170236587524414,"episode":6,"_timestamp":1.7463334282971559e+09,"_runtime":12.9898266,"_step":6}