{"_timestamp":1.7463026970016327e+09,"_wandb":{"runtime":2},"_runtime":1.1751291,"_step":5,"episode":5,"reward":-3.299999999999998}