{"_step":10099,"episode":10000,"reward":6.699999999999992,"avg_reward":12.16500000000001,"avg_policy_loss":-0.04617858765646815,"policy_loss":1.2458091974258423,"avg_value_loss":4.8649130706489085,"_wandb":{"runtime":686},"_timestamp":1.7463324373695729e+09,"_runtime":686.5668141,"value_loss":2.744013786315918}