{"reward":3.8999999999999986,"policy_loss":-0.10242271423339844,"_step":10099,"avg_value_loss":1.0138178301043808,"avg_reward":3.4019999999999975,"_timestamp":1.7463301827385025e+09,"_wandb":{"runtime":25756},"episode":10000,"value_loss":0.052601370960474014,"_runtime":25756.5188844,"avg_policy_loss":-0.04411941616097465}