{"actor_loss":-0.8524488210678101,"critic_loss":0.018272574990987778,"_wandb":{"runtime":11},"_runtime":11.2272645,"_step":39,"episode":39,"reward":-9.299999999999999,"_timestamp":1.7463027629685376e+09}