{"_step":3792,"episode":3792,"reward":2.0000000000000013,"_timestamp":1.7463022119392796e+09,"actor_loss":-225.52783203125,"critic_loss":0.12247452139854431,"_wandb":{"runtime":833},"_runtime":832.2409236}