{"_timestamp":1.7463012815179284e+09,"_runtime":28.1128395,"actor_loss":1.2196203470230103,"critic_loss":0.011505973525345325,"_wandb":{"runtime":29},"_step":14,"episode":14,"reward":-9.299999999999999}