{"_step":25,"step_count":50,"episode":25,"_wandb":{"runtime":4},"policy_loss":-0.8155960440635681,"reward":-5.699999999999998,"value_loss":3.885333776473999,"_timestamp":1.746335715223616e+09,"_runtime":3.3502983}